<?xml version="1.0" encoding="UTF-8"?>
<metadata xml:lang="es"><Esri><CreaDate>20171207</CreaDate><CreaTime>14475100</CreaTime><ArcGISFormat>1.0</ArcGISFormat><SyncOnce>TRUE</SyncOnce><DataProperties><lineage><Process ToolSource="c:\program files (x86)\arcgis\desktop10.3\ArcToolbox\Toolboxes\Data Management Tools.tbx\CalculateField" Date="20171207" Time="144751">CalculateField INCENDIOS2015_Oficial Inicio_1 [Inicio] VB #</Process><Process ToolSource="c:\program files (x86)\arcgis\desktop10.3\ArcToolbox\Toolboxes\Data Management Tools.tbx\CalculateField" Date="20171207" Time="144826">CalculateField INCENDIOS2015_Oficial Termino_2 [Termino] VB #</Process></lineage></DataProperties></Esri></metadata>
